[
    {
        "name": "cydrickn/number",
        "version": "v1.2.0",
        "version_normalized": "1.2.0.0",
        "source": {
            "type": "git",
            "url": "https://github.com/cydrickn/number.git",
            "reference": "e594a9f3dbcf6dc6077c553f055faf3776f47267"
        },
        "dist": {
            "type": "zip",
            "url": "https://api.github.com/repos/cydrickn/number/zipball/e594a9f3dbcf6dc6077c553f055faf3776f47267",
            "reference": "e594a9f3dbcf6dc6077c553f055faf3776f47267",
            "shasum": ""
        },
        "require": {
            "php": ">=5.6.0"
        },
        "require-dev": {
            "phpunit/phpunit": "^5.7"
        },
        "time": "2019-11-28T12:32:41+00:00",
        "type": "library",
        "installation-source": "dist",
        "autoload": {
            "psr-4": {
                "Cydrickn\\Number\\": "src/"
            }
        },
        "notification-url": "https://packagist.org/downloads/",
        "license": [
            "MIT"
        ],
        "authors": [
            {
                "name": "Cydrick Nonog",
                "email": "cydrick.dev@gmail.com"
            }
        ],
        "description": "An arbitrary precision for floating point Numbers for PHP",
        "keywords": [
            "arbitary",
            "decimal",
            "format",
            "number"
        ]
    },
    {
        "name": "furqansiddiqui/erc20-php",
        "version": "0.1.4",
        "version_normalized": "0.1.4.0",
        "source": {
            "type": "git",
            "url": "https://github.com/furqansiddiqui/erc20-php.git",
            "reference": "b5fe2d801e2a581e9537510c724dd70da1d9fda8"
        },
        "dist": {
            "type": "zip",
            "url": "https://api.github.com/repos/furqansiddiqui/erc20-php/zipball/b5fe2d801e2a581e9537510c724dd70da1d9fda8",
            "reference": "b5fe2d801e2a581e9537510c724dd70da1d9fda8",
            "shasum": ""
        },
        "require": {
            "ext-bcmath": "*",
            "furqansiddiqui/ethereum-rpc": "^0.1.5",
            "php": ">=7.1.0"
        },
        "time": "2020-04-02T15:18:50+00:00",
        "type": "library",
        "installation-source": "dist",
        "autoload": {
            "psr-4": {
                "ERC20\\": [
                    "src"
                ]
            }
        },
        "notification-url": "https://packagist.org/downloads/",
        "license": [
            "MIT"
        ],
        "description": "Interact with any ERC20 standard Ethereum token",
        "keywords": [
            "erc20",
            "eth",
            "ethereum",
            "ethereum-go",
            "geth",
            "token",
            "tokens"
        ]
    },
    {
        "name": "furqansiddiqui/ethereum-rpc",
        "version": "0.1.5",
        "version_normalized": "0.1.5.0",
        "source": {
            "type": "git",
            "url": "https://github.com/furqansiddiqui/ethereum-rpc.git",
            "reference": "cff5574a4f094a73ebd44f7ccf4f435335391c5d"
        },
        "dist": {
            "type": "zip",
            "url": "https://api.github.com/repos/furqansiddiqui/ethereum-rpc/zipball/cff5574a4f094a73ebd44f7ccf4f435335391c5d",
            "reference": "cff5574a4f094a73ebd44f7ccf4f435335391c5d",
            "shasum": ""
        },
        "require": {
            "ext-bcmath": "*",
            "ext-json": "*",
            "furqansiddiqui/http-client": "^0.4.5",
            "php": "^7.1.0"
        },
        "time": "2020-04-02T15:12:20+00:00",
        "type": "library",
        "installation-source": "dist",
        "autoload": {
            "psr-4": {
                "EthereumRPC\\": [
                    "src"
                ]
            }
        },
        "notification-url": "https://packagist.org/downloads/",
        "license": [
            "MIT"
        ],
        "description": "Ethereum (geth) RPC client",
        "keywords": [
            "eth",
            "ethereum",
            "ethereum-go",
            "geth"
        ]
    },
    {
        "name": "furqansiddiqui/http-client",
        "version": "0.4.5",
        "version_normalized": "0.4.5.0",
        "source": {
            "type": "git",
            "url": "https://github.com/furqansiddiqui/http-client.git",
            "reference": "fa735734b52296c92b9056cc5d716f2cae577faf"
        },
        "dist": {
            "type": "zip",
            "url": "https://api.github.com/repos/furqansiddiqui/http-client/zipball/fa735734b52296c92b9056cc5d716f2cae577faf",
            "reference": "fa735734b52296c92b9056cc5d716f2cae577faf",
            "shasum": ""
        },
        "require": {
            "ext-curl": "*",
            "ext-json": "*",
            "php": ">=7.1.0"
        },
        "time": "2019-12-22T22:46:32+00:00",
        "type": "library",
        "installation-source": "dist",
        "autoload": {
            "psr-4": {
                "HttpClient\\": [
                    "src"
                ]
            }
        },
        "notification-url": "https://packagist.org/downloads/",
        "license": [
            "MIT"
        ],
        "description": "Straightforward HTTP client",
        "keywords": [
            "http",
            "http-client"
        ]
    },
    {
        "name": "guzzle/common",
        "version": "v3.9.2",
        "version_normalized": "3.9.2.0",
        "target-dir": "Guzzle/Common",
        "source": {
            "type": "git",
            "url": "https://github.com/Guzzle3/common.git",
            "reference": "2e36af7cf2ce3ea1f2d7c2831843b883a8e7b7dc"
        },
        "dist": {
            "type": "zip",
            "url": "https://api.github.com/repos/Guzzle3/common/zipball/2e36af7cf2ce3ea1f2d7c2831843b883a8e7b7dc",
            "reference": "2e36af7cf2ce3ea1f2d7c2831843b883a8e7b7dc",
            "shasum": ""
        },
        "require": {
            "php": ">=5.3.2",
            "symfony/event-dispatcher": ">=2.1"
        },
        "time": "2014-08-11T04:32:36+00:00",
        "type": "library",
        "extra": {
            "branch-alias": {
                "dev-master": "3.7-dev"
            }
        },
        "installation-source": "dist",
        "autoload": {
            "psr-0": {
                "Guzzle\\Common": ""
            }
        },
        "notification-url": "https://packagist.org/downloads/",
        "license": [
            "MIT"
        ],
        "description": "Common libraries used by Guzzle",
        "homepage": "http://guzzlephp.org/",
        "keywords": [
            "collection",
            "common",
            "event",
            "exception"
        ],
        "abandoned": "guzzle/guzzle"
    },
    {
        "name": "guzzle/http",
        "version": "v3.9.2",
        "version_normalized": "3.9.2.0",
        "target-dir": "Guzzle/Http",
        "source": {
            "type": "git",
            "url": "https://github.com/Guzzle3/http.git",
            "reference": "1e8dd1e2ba9dc42332396f39fbfab950b2301dc5"
        },
        "dist": {
            "type": "zip",
            "url": "https://api.github.com/repos/Guzzle3/http/zipball/1e8dd1e2ba9dc42332396f39fbfab950b2301dc5",
            "reference": "1e8dd1e2ba9dc42332396f39fbfab950b2301dc5",
            "shasum": ""
        },
        "require": {
            "guzzle/common": "self.version",
            "guzzle/parser": "self.version",
            "guzzle/stream": "self.version",
            "php": ">=5.3.2"
        },
        "suggest": {
            "ext-curl": "*"
        },
        "time": "2014-08-11T04:32:36+00:00",
        "type": "library",
        "extra": {
            "branch-alias": {
                "dev-master": "3.7-dev"
            }
        },
        "installation-source": "dist",
        "autoload": {
            "psr-0": {
                "Guzzle\\Http": ""
            }
        },
        "notification-url": "https://packagist.org/downloads/",
        "license": [
            "MIT"
        ],
        "authors": [
            {
                "name": "Michael Dowling",
                "email": "mtdowling@gmail.com",
                "homepage": "https://github.com/mtdowling"
            }
        ],
        "description": "HTTP libraries used by Guzzle",
        "homepage": "http://guzzlephp.org/",
        "keywords": [
            "Guzzle",
            "client",
            "curl",
            "http",
            "http client"
        ],
        "abandoned": "guzzle/guzzle"
    },
    {
        "name": "guzzle/parser",
        "version": "v3.9.2",
        "version_normalized": "3.9.2.0",
        "target-dir": "Guzzle/Parser",
        "source": {
            "type": "git",
            "url": "https://github.com/Guzzle3/parser.git",
            "reference": "6874d171318a8e93eb6d224cf85e4678490b625c"
        },
        "dist": {
            "type": "zip",
            "url": "https://api.github.com/repos/Guzzle3/parser/zipball/6874d171318a8e93eb6d224cf85e4678490b625c",
            "reference": "6874d171318a8e93eb6d224cf85e4678490b625c",
            "shasum": ""
        },
        "require": {
            "php": ">=5.3.2"
        },
        "time": "2014-02-05T18:29:46+00:00",
        "type": "library",
        "extra": {
            "branch-alias": {
                "dev-master": "3.7-dev"
            }
        },
        "installation-source": "dist",
        "autoload": {
            "psr-0": {
                "Guzzle\\Parser": ""
            }
        },
        "notification-url": "https://packagist.org/downloads/",
        "license": [
            "MIT"
        ],
        "description": "Interchangeable parsers used by Guzzle",
        "homepage": "http://guzzlephp.org/",
        "keywords": [
            "URI Template",
            "cookie",
            "http",
            "message",
            "url"
        ],
        "abandoned": "guzzle/guzzle"
    },
    {
        "name": "guzzle/stream",
        "version": "v3.9.2",
        "version_normalized": "3.9.2.0",
        "target-dir": "Guzzle/Stream",
        "source": {
            "type": "git",
            "url": "https://github.com/Guzzle3/stream.git",
            "reference": "60c7fed02e98d2c518dae8f97874c8f4622100f0"
        },
        "dist": {
            "type": "zip",
            "url": "https://api.github.com/repos/Guzzle3/stream/zipball/60c7fed02e98d2c518dae8f97874c8f4622100f0",
            "reference": "60c7fed02e98d2c518dae8f97874c8f4622100f0",
            "shasum": ""
        },
        "require": {
            "guzzle/common": "self.version",
            "php": ">=5.3.2"
        },
        "suggest": {
            "guzzle/http": "To convert Guzzle request objects to PHP streams"
        },
        "time": "2014-05-01T21:36:02+00:00",
        "type": "library",
        "extra": {
            "branch-alias": {
                "dev-master": "3.7-dev"
            }
        },
        "installation-source": "dist",
        "autoload": {
            "psr-0": {
                "Guzzle\\Stream": ""
            }
        },
        "notification-url": "https://packagist.org/downloads/",
        "license": [
            "MIT"
        ],
        "authors": [
            {
                "name": "Michael Dowling",
                "email": "mtdowling@gmail.com",
                "homepage": "https://github.com/mtdowling"
            }
        ],
        "description": "Guzzle stream wrapper component",
        "homepage": "http://guzzlephp.org/",
        "keywords": [
            "Guzzle",
            "component",
            "stream"
        ],
        "abandoned": "guzzle/guzzle"
    },
    {
        "name": "ipip/datx",
        "version": "v0.2.0",
        "version_normalized": "0.2.0.0",
        "source": {
            "type": "git",
            "url": "https://github.com/ipipdotnet/datx-php.git",
            "reference": "07e97ae34867c969420fe144e8f67f03bee08e09"
        },
        "dist": {
            "type": "zip",
            "url": "https://api.github.com/repos/ipipdotnet/datx-php/zipball/07e97ae34867c969420fe144e8f67f03bee08e09",
            "reference": "07e97ae34867c969420fe144e8f67f03bee08e09",
            "shasum": ""
        },
        "require": {
            "php": ">=5.4.0"
        },
        "time": "2018-03-08T06:14:24+00:00",
        "type": "library",
        "installation-source": "dist",
        "autoload": {
            "psr-4": {
                "ipip\\datx\\": "src/ipip/datx/"
            }
        },
        "notification-url": "https://packagist.org/downloads/",
        "license": [
            "Apache-2.0"
        ],
        "authors": [
            {
                "name": "IPIP.net",
                "email": "frk@ipip.net",
                "homepage": "https://www.ipip.net"
            }
        ],
        "description": "IPIP.net官方支持的IP数据库datx格式解析库",
        "homepage": "https://www.ipip.net",
        "keywords": [
            "IP",
            "datx",
            "geo",
            "geoip",
            "geolocation",
            "ipip.net"
        ]
    },
    {
        "name": "symfony/contracts",
        "version": "v1.0.2",
        "version_normalized": "1.0.2.0",
        "source": {
            "type": "git",
            "url": "https://github.com/symfony/contracts.git",
            "reference": "1aa7ab2429c3d594dd70689604b5cf7421254cdf"
        },
        "dist": {
            "type": "zip",
            "url": "https://api.github.com/repos/symfony/contracts/zipball/1aa7ab2429c3d594dd70689604b5cf7421254cdf",
            "reference": "1aa7ab2429c3d594dd70689604b5cf7421254cdf",
            "shasum": ""
        },
        "require": {
            "php": "^7.1.3"
        },
        "require-dev": {
            "psr/cache": "^1.0",
            "psr/container": "^1.0"
        },
        "suggest": {
            "psr/cache": "When using the Cache contracts",
            "psr/container": "When using the Service contracts",
            "symfony/cache-contracts-implementation": "",
            "symfony/service-contracts-implementation": "",
            "symfony/translation-contracts-implementation": ""
        },
        "time": "2018-12-05T08:06:11+00:00",
        "type": "library",
        "extra": {
            "branch-alias": {
                "dev-master": "1.0-dev"
            }
        },
        "installation-source": "dist",
        "autoload": {
            "psr-4": {
                "Symfony\\Contracts\\": ""
            },
            "exclude-from-classmap": [
                "**/Tests/"
            ]
        },
        "notification-url": "https://packagist.org/downloads/",
        "license": [
            "MIT"
        ],
        "authors": [
            {
                "name": "Nicolas Grekas",
                "email": "p@tchwork.com"
            },
            {
                "name": "Symfony Community",
                "homepage": "https://symfony.com/contributors"
            }
        ],
        "description": "A set of abstractions extracted out of the Symfony components",
        "homepage": "https://symfony.com",
        "keywords": [
            "abstractions",
            "contracts",
            "decoupling",
            "interfaces",
            "interoperability",
            "standards"
        ]
    },
    {
        "name": "symfony/event-dispatcher",
        "version": "v4.2.3",
        "version_normalized": "4.2.3.0",
        "source": {
            "type": "git",
            "url": "https://github.com/symfony/event-dispatcher.git",
            "reference": "bd09ad265cd50b2b9d09d65ce6aba2d29bc81fe1"
        },
        "dist": {
            "type": "zip",
            "url": "https://api.github.com/repos/symfony/event-dispatcher/zipball/bd09ad265cd50b2b9d09d65ce6aba2d29bc81fe1",
            "reference": "bd09ad265cd50b2b9d09d65ce6aba2d29bc81fe1",
            "shasum": ""
        },
        "require": {
            "php": "^7.1.3",
            "symfony/contracts": "^1.0"
        },
        "conflict": {
            "symfony/dependency-injection": "<3.4"
        },
        "require-dev": {
            "psr/log": "~1.0",
            "symfony/config": "~3.4|~4.0",
            "symfony/dependency-injection": "~3.4|~4.0",
            "symfony/expression-language": "~3.4|~4.0",
            "symfony/stopwatch": "~3.4|~4.0"
        },
        "suggest": {
            "symfony/dependency-injection": "",
            "symfony/http-kernel": ""
        },
        "time": "2019-01-16T20:35:37+00:00",
        "type": "library",
        "extra": {
            "branch-alias": {
                "dev-master": "4.2-dev"
            }
        },
        "installation-source": "dist",
        "autoload": {
            "psr-4": {
                "Symfony\\Component\\EventDispatcher\\": ""
            },
            "exclude-from-classmap": [
                "/Tests/"
            ]
        },
        "notification-url": "https://packagist.org/downloads/",
        "license": [
            "MIT"
        ],
        "authors": [
            {
                "name": "Fabien Potencier",
                "email": "fabien@symfony.com"
            },
            {
                "name": "Symfony Community",
                "homepage": "https://symfony.com/contributors"
            }
        ],
        "description": "Symfony EventDispatcher Component",
        "homepage": "https://symfony.com"
    },
    {
        "name": "topthink/think-captcha",
        "version": "v1.0.7",
        "version_normalized": "1.0.7.0",
        "source": {
            "type": "git",
            "url": "https://github.com/top-think/think-captcha.git",
            "reference": "0c55455df26a1626a60d0dc35d2d89002b741d44"
        },
        "dist": {
            "type": "zip",
            "url": "https://api.github.com/repos/top-think/think-captcha/zipball/0c55455df26a1626a60d0dc35d2d89002b741d44",
            "reference": "0c55455df26a1626a60d0dc35d2d89002b741d44",
            "shasum": ""
        },
        "time": "2016-07-06T01:47:11+00:00",
        "type": "library",
        "installation-source": "dist",
        "autoload": {
            "psr-4": {
                "think\\captcha\\": "src/"
            },
            "files": [
                "src/helper.php"
            ]
        },
        "notification-url": "https://packagist.org/downloads/",
        "license": [
            "Apache-2.0"
        ],
        "authors": [
            {
                "name": "yunwuxin",
                "email": "448901948@qq.com"
            }
        ],
        "description": "captcha package for thinkphp5"
    },
    {
        "name": "topthink/think-helper",
        "version": "v3.1.3",
        "version_normalized": "3.1.3.0",
        "source": {
            "type": "git",
            "url": "https://github.com/top-think/think-helper.git",
            "reference": "4d85dfd3778623bbb1de3648f1dcd0c82f4439f4"
        },
        "dist": {
            "type": "zip",
            "url": "https://api.github.com/repos/top-think/think-helper/zipball/4d85dfd3778623bbb1de3648f1dcd0c82f4439f4",
            "reference": "4d85dfd3778623bbb1de3648f1dcd0c82f4439f4",
            "shasum": ""
        },
        "require": {
            "php": ">=7.1.0"
        },
        "time": "2019-09-30T02:36:48+00:00",
        "type": "library",
        "installation-source": "dist",
        "autoload": {
            "psr-4": {
                "think\\": "src"
            },
            "files": [
                "src/helper.php"
            ]
        },
        "notification-url": "https://packagist.org/downloads/",
        "license": [
            "Apache-2.0"
        ],
        "authors": [
            {
                "name": "yunwuxin",
                "email": "448901948@qq.com"
            }
        ],
        "description": "The ThinkPHP6 Helper Package"
    },
    {
        "name": "topthink/think-installer",
        "version": "v2.0.0",
        "version_normalized": "2.0.0.0",
        "source": {
            "type": "git",
            "url": "https://github.com/top-think/think-installer.git",
            "reference": "f5400a12c60e513911aef41fe443fa6920952675"
        },
        "dist": {
            "type": "zip",
            "url": "https://api.github.com/repos/top-think/think-installer/zipball/f5400a12c60e513911aef41fe443fa6920952675",
            "reference": "f5400a12c60e513911aef41fe443fa6920952675",
            "shasum": ""
        },
        "require": {
            "composer-plugin-api": "^1.0"
        },
        "require-dev": {
            "composer/composer": "1.0.*@dev"
        },
        "time": "2018-05-11T06:45:42+00:00",
        "type": "composer-plugin",
        "extra": {
            "class": "think\\composer\\Plugin"
        },
        "installation-source": "dist",
        "autoload": {
            "psr-4": {
                "think\\composer\\": "src"
            }
        },
        "notification-url": "https://packagist.org/downloads/",
        "license": [
            "Apache-2.0"
        ],
        "authors": [
            {
                "name": "yunwuxin",
                "email": "448901948@qq.com"
            }
        ]
    },
    {
        "name": "topthink/think-queue",
        "version": "v1.1.6",
        "version_normalized": "1.1.6.0",
        "source": {
            "type": "git",
            "url": "https://github.com/top-think/think-queue.git",
            "reference": "250650eb0e8ea5af4cfdc7ae46f3f4e0a24ac245"
        },
        "dist": {
            "type": "zip",
            "url": "https://api.github.com/repos/top-think/think-queue/zipball/250650eb0e8ea5af4cfdc7ae46f3f4e0a24ac245",
            "reference": "250650eb0e8ea5af4cfdc7ae46f3f4e0a24ac245",
            "shasum": ""
        },
        "require": {
            "topthink/think-helper": ">=1.0.4",
            "topthink/think-installer": ">=1.0.10"
        },
        "require-dev": {
            "topthink/framework": "~5.0.0"
        },
        "time": "2018-10-15T10:16:55+00:00",
        "type": "think-extend",
        "extra": {
            "think-config": {
                "queue": "src/config.php"
            }
        },
        "installation-source": "dist",
        "autoload": {
            "psr-4": {
                "think\\": "src"
            },
            "files": [
                "src/common.php"
            ]
        },
        "notification-url": "https://packagist.org/downloads/",
        "license": [
            "Apache-2.0"
        ],
        "authors": [
            {
                "name": "yunwuxin",
                "email": "448901948@qq.com"
            }
        ],
        "description": "The ThinkPHP5 Queue Package"
    },
    {
        "name": "weiwei/api-doc",
        "version": "1.6.1",
        "version_normalized": "1.6.1.0",
        "source": {
            "type": "git",
            "url": "https://github.com/zhangweiwei0326/api-doc.git",
            "reference": "8f373e8eec8a8876aed8057889721e539f957737"
        },
        "dist": {
            "type": "zip",
            "url": "https://api.github.com/repos/zhangweiwei0326/api-doc/zipball/8f373e8eec8a8876aed8057889721e539f957737",
            "reference": "8f373e8eec8a8876aed8057889721e539f957737",
            "shasum": ""
        },
        "require": {
            "topthink/think-helper": ">=1.0.4",
            "topthink/think-installer": ">=1.0.10"
        },
        "time": "2018-06-04T08:09:16+00:00",
        "type": "think-extend",
        "extra": {
            "think-config": {
                "doc": "src/config.php"
            }
        },
        "installation-source": "dist",
        "autoload": {
            "psr-4": {
                "Api\\Doc\\": "src"
            },
            "files": [
                "src/helper.php"
            ]
        },
        "notification-url": "https://packagist.org/downloads/",
        "license": [
            "MIT"
        ],
        "authors": [
            {
                "name": "weiwei",
                "email": "1763692101@qq.com"
            }
        ],
        "description": "The ThinkPHP5 Api Doc Package"
    }
]
